<?xml version="1.0" encoding="UTF-8"?>
<project name="caDsrClient.makejar" default="runCaDsrApiClient" basedir="." >
	<property name="lib.dir" value="lib"/>
	<property name="build.dir" value="build"/>
	<property name="conf.dir" value="src/main/config"/>
	<property name="src.dir" value="src/main/java"/>
	<path id="compiletime">
		<path refid="caDsrClient.classpath"/>
	</path>
	<path id="runtime">
		<path refid="caDsrClient.classpath"/>
		<pathelement path="${conf.dir}"/>
		<pathelement path="${build.dir}"/>
	</path>
		<path id="basedir.path">
		<pathelement path="${basedir}" />
	</path>
	
    <path id="caDsrClient.classpath">
        <pathelement location="target/classes"/>
        <pathelement location="target/test-classes"/>
        <pathelement location="lib/acegi-security-1.0.7.jar"/>
        <pathelement location="lib/antlr-2.7.6.jar"/>
        <pathelement location="lib/aopalliance-1.0.jar"/>
        <pathelement location="lib/asm-3.1.jar"/>
        <pathelement location="lib/bcprov-jdk15on-147.jar"/>
        <pathelement location="lib/cadsrapi41-beans.jar"/>
        <pathelement location="lib/cadsrapi41-schema.jar"/>
        <pathelement location="lib/castor-1.0.4.jar"/>
        <pathelement location="lib/cog-jglobus-4.0.3.jar"/>
        <pathelement location="lib/commons-beanutils-1.7.0.jar"/>
        <pathelement location="lib/commons-chain-1.0.jar"/>
        <pathelement location="lib/commons-codec-1.3.jar"/>
        <pathelement location="lib/commons-collections-3.2.jar"/>
        <pathelement location="lib/commons-digester-1.8.jar"/>
        <pathelement location="lib/commons-lang-2.4.jar"/>
        <pathelement location="lib/commons-logging-1.1.jar"/>
        <pathelement location="lib/commons-validator-1.3.0.jar"/>
        <pathelement location="lib/dom4j-1.4.jar"/>
        <pathelement location="lib/ejb3-persistence-1.0.1.jar"/>
        <pathelement location="lib/hibernate-3.2.0.ga-modified.jar"/>
        <pathelement location="lib/hibernate-annotations-3.2.0.jar"/>
        <pathelement location="lib/hibernate-validator-3.0.0.GA.jar"/>
        <pathelement location="lib/iso-datatypes-2.1.1.jar"/>
        <pathelement location="lib/iso-datatypes-extensions-2.1.1.jar"/>
        <pathelement location="lib/jaxen-1.1.1.jar"/>
        <pathelement location="lib/jaxrpc-1.1.jar"/>
        <pathelement location="lib/jdom-1.1.jar"/>
        <pathelement location="lib/log4j-1.2.16.jar"/>
        <pathelement location="lib/ojdbc6.jar"/>
        <pathelement location="lib/org.springframework.aop-3.0.5.RELEASE.jar"/>
        <pathelement location="lib/org.springframework.asm-3.0.5.RELEASE.jar"/>
        <pathelement location="lib/org.springframework.beans-3.0.5.RELEASE.jar"/>
        <pathelement location="lib/org.springframework.context-3.0.5.RELEASE.jar"/>
        <pathelement location="lib/org.springframework.context.support-3.0.5.RELEASE.jar"/>
        <pathelement location="lib/org.springframework.core-3.0.5.RELEASE.jar"/>
        <pathelement location="lib/org.springframework.expression-3.0.5.RELEASE.jar"/>
        <pathelement location="lib/org.springframework.jdbc-3.0.5.RELEASE.jar"/>
        <pathelement location="lib/org.springframework.orm-3.0.5.RELEASE.jar"/>
        <pathelement location="lib/org.springframework.transaction-3.0.5.RELEASE.jar"/>
        <pathelement location="lib/org.springframework.web-3.0.5.RELEASE.jar"/>
        <pathelement location="lib/org.springframework.web.servlet-3.0.5.RELEASE.jar"/>
        <pathelement location="lib/org.springframework.web.struts-3.0.5.RELEASE.jar"/>
        <pathelement location="lib/sdk-grid-remoting-4.5.jar"/>
        <pathelement location="lib/sdk-security-client-4.5.jar"/>
        <pathelement location="lib/sdk-system-client-4.5.jar"/>
        <pathelement location="lib/sdk-writable-api-client-4.5.jar"/>
        <pathelement location="lib/servlet-2.4.jar"/>
        <pathelement location="lib/slf4j-api-1.4.3.jar"/>
        <pathelement location="lib/slf4j-log4j12-1.4.3.jar"/>
        <pathelement location="lib/struts-core-1.3.5.jar"/>
        <pathelement location="lib/struts-el-1.3.5.jar"/>
        <pathelement location="lib/struts-extras-1.3.5.jar"/>
        <pathelement location="lib/struts-faces-1.3.5.jar"/>
        <pathelement location="lib/struts-mailreader-dao-1.3.5.jar"/>
        <pathelement location="lib/struts-scripting-1.3.5.jar"/>
        <pathelement location="lib/struts-taglib-1.3.5.jar"/>
        <pathelement location="lib/struts-tiles-1.3.5.jar"/>
        <pathelement location="lib/xercesImpl-2.8.1.jar"/>
        <pathelement location="lib/caDSRAPI-client-ext.jar"/>
        <pathelement location="lib/jaxb-api-2.2.1.jar"/>
        <pathelement location="lib/jaxb-impl-2.2.1.1.jar"/>
        <pathelement location="lib/jaxb-xjc-2.2.1.1.jar"/>
        <pathelement location="lib/cglib-2.2.jar"/>
        <pathelement location="lib/cglib-2.1_3.jar"/>
    </path>
	
	<pathconvert targetos="unix" property="basedir.unix" refid="basedir.path" />

	<macrodef name="SDKecho">
		<attribute name="message" default="..." />
		<sequential>
			<echo>*****************************************************************</echo>
			<echo>***  @{message}</echo>
			<echo>*****************************************************************</echo>
		</sequential>
	</macrodef>
	
	<!--***********************************************************************
	*** Prepares the directory structure
	*********************************************************************** -->
	<target name="init" >
		<SDKecho message="${ant.project.name}: Preparing directories"/>
		<mkdir dir="${build.dir}"/>
	</target>

	<!--***********************************************************************
	*** Cleans the generated directories and files
	*********************************************************************** -->
	<target name="clean" description="Cleans the generated directories and files">
		<SDKecho message="${ant.project.name}: Cleaning directories and files"/>
		<delete dir="${build.dir}"/>
	</target>

	<!--***********************************************************************
	*** Compiles the classes
	*********************************************************************** -->
	<target name="compile" depends="init" description="Compiles the generated beans">
		<SDKecho message="${ant.project.name}: Compiling the generated beans"/>
		<javac srcdir="${src.dir}" destdir="${build.dir}" debug="true">
			<include name="**/*.java"/>
			<classpath refid="compiletime"/>
		</javac>
	</target>
	
	<target name="runCaDsrApiClient" depends="compile" description="Runs caDsrApi Connect test">
		<SDKecho message="${ant.project.name}: Running caDsrApi Connect test"/>
		<mkdir dir="./output"/>
		<java classname="gov.nih.nci.cadsr.client.TestCaDsrApi" fork="true" maxmemory="512m">
			<classpath refid="runtime" />
			<sysproperty key="java.security.auth.login.config" value="${conf.dir}/login.config"/>
		</java>
	</target>	
</project>