<?xml version="1.0" encoding="UTF-8"?>

<!--L
  Copyright Oracle Inc, SAIC-F.

  Distributed under the OSI-approved BSD 3-Clause License.
  See http://ncip.github.com/cadsr-api/LICENSE.txt for details.
L-->

<!DOCTYPE beans PUBLIC "-//SPRING//DTD BEAN//EN" "http://www.springframework.org/dtd/spring-beans.dtd">
<beans>

	<bean id="ServiceInfo" class="java.util.HashMap">
		<constructor-arg>
			<map>
				<entry key="APPLICATION_SERVICE_BEAN" value-ref="cadsrapiApplicationService"/>
				<entry key="AUTHENTICATION_SERVICE_BEAN" value-ref="cadsrapiAuthenticationManager"/>
				<entry key="APPLICATION_SERVICE_URL"  value="https://cadsrapi.nci.nih.gov/cadsrapi4"/>
				<entry key="APPLICATION_SERVICE_CONFIG"  value-ref="cadsrapiApplicationServiceConfig"/>
			</map>
		</constructor-arg>
	</bean>

	<bean id="cadsrapiInterceptor" class="gov.nih.nci.system.client.proxy.ApplicationServiceProxy" singleton="true">
		<property name="proxyFactory">
			<bean class="gov.nih.nci.system.client.proxy.ProxyHelperImpl"/>
		</property>
	</bean>
	
	<bean id="cadsrapiApplicationService" class="org.springframework.aop.framework.ProxyFactoryBean">
		<property name="target">
			<bean class="org.springframework.remoting.httpinvoker.HttpInvokerProxyFactoryBean">
				<property name="serviceUrl" value="https://cadsrapi.nci.nih.gov/cadsrapi4/services/cadsrapi41Service"/>
				<property name="serviceInterface" value="gov.nih.nci.cadsrapi.applicationService.caDSRAPIService"/>
				<property name="httpInvokerRequestExecutor">
				
				<bean class="gov.nih.nci.system.springframework.remoting.httpinvoker.HttpInvokerRequestExecutor"/>
				
				<!--
				<bean class="gov.nih.nci.system.springframework.remoting.httpinvoker.GSIHttpInvokerRequestExecutor"/>
				-->
				</property>
			</bean>
		</property>
		<property name="interceptorNames" value="cadsrapiInterceptor"/>
		<property name="interfaces" value="gov.nih.nci.cadsrapi.applicationService.caDSRAPIService"/>
	</bean>	
	
	<bean id="cadsrapiAuthenticationManager" class="org.acegisecurity.providers.ProviderManager">
		<property name="providers">
			<list>
				<bean class="org.acegisecurity.providers.rcp.RemoteAuthenticationProvider">
					<property name="remoteAuthenticationManager">
						<bean class="org.springframework.remoting.httpinvoker.HttpInvokerProxyFactoryBean">
						    <property name="serviceUrl" value="https://cadsrapi.nci.nih.gov/cadsrapi4/http/remoteAuthenticationManager"/>
						    <property name="serviceInterface" value="org.acegisecurity.providers.rcp.RemoteAuthenticationManager"/>
						</bean>
					</property>
				</bean>
				<bean class="gov.nih.nci.system.security.acegi.providers.NullUsernameAuthenticationProvider"/>
			</list>
		</property>
	</bean>
	
	
	<!-- Dont touch this unless you know what you are doing -->
	<bean id="cadsrapiApplicationServiceConfig" class="java.lang.String">
		<constructor-arg>
			<value>
				&lt;bean id=&quot;ServiceInfo&quot; class=&quot;java.util.HashMap&quot;&gt;
					&lt;constructor-arg&gt;
						&lt;map&gt;
							&lt;entry key=&quot;APPLICATION_SERVICE_BEAN&quot; value-ref=&quot;cadsrapiApplicationService&quot;/&gt;
							&lt;entry key=&quot;AUTHENTICATION_SERVICE_BEAN&quot; value-ref=&quot;cadsrapiAuthenticationManager&quot;/&gt;
						&lt;/map&gt;
					&lt;/constructor-arg&gt;
				&lt;/bean&gt;
			
				&lt;bean id=&quot;cadsrapiInterceptor&quot; class=&quot;gov.nih.nci.system.client.proxy.ApplicationServiceProxy&quot; singleton=&quot;true&quot;&gt;
					&lt;property name=&quot;proxyFactory&quot;&gt;
						&lt;bean class=&quot;gov.nih.nci.system.client.proxy.ProxyHelperImpl&quot;/&gt;
					&lt;/property&gt;
				&lt;/bean&gt;
				
				&lt;bean id=&quot;cadsrapiApplicationService&quot; class=&quot;org.springframework.aop.framework.ProxyFactoryBean&quot;&gt;
					&lt;property name=&quot;target&quot;&gt;
						&lt;bean class=&quot;org.springframework.remoting.httpinvoker.HttpInvokerProxyFactoryBean&quot;&gt;
							&lt;property name=&quot;serviceUrl&quot; value=&quot;URL_KEY/http/applicationService&quot;/&gt;
							&lt;property name=&quot;serviceInterface&quot; value=&quot;gov.nih.nci.cadsrapi.applicationService.caDSRAPIService&quot;/&gt;
							&lt;property name=&quot;httpInvokerRequestExecutor&quot;&gt;
							&lt;bean class=&quot;gov.nih.nci.system.springframework.remoting.httpinvoker.HttpInvokerRequestExecutor&quot;/&gt;
							&lt;/property&gt;
						&lt;/bean&gt;
					&lt;/property&gt;
					&lt;property name=&quot;interceptorNames&quot; value=&quot;cadsrapiInterceptor&quot;/&gt;
					&lt;property name=&quot;interfaces&quot; value=&quot;gov.nih.nci.cadsrapi.applicationService.caDSRAPIService&quot;/&gt;
				&lt;/bean&gt;	
				
				&lt;bean id=&quot;cadsrapiAuthenticationManager&quot; class=&quot;org.acegisecurity.providers.ProviderManager&quot;&gt;
					&lt;property name=&quot;providers&quot;&gt;
						&lt;list&gt;
							&lt;bean class=&quot;org.acegisecurity.providers.rcp.RemoteAuthenticationProvider&quot;&gt;
								&lt;property name=&quot;remoteAuthenticationManager&quot;&gt;
									&lt;bean class=&quot;org.springframework.remoting.httpinvoker.HttpInvokerProxyFactoryBean&quot;&gt;
									    &lt;property name=&quot;serviceUrl&quot; value=&quot;URL_KEY/http/remoteAuthenticationManager&quot;/&gt;
									    &lt;property name=&quot;serviceInterface&quot; value=&quot;org.acegisecurity.providers.rcp.RemoteAuthenticationManager&quot;/&gt;
									&lt;/bean&gt;
								&lt;/property&gt;
							&lt;/bean&gt;
							&lt;bean class=&quot;gov.nih.nci.system.security.acegi.providers.NullUsernameAuthenticationProvider&quot;/&gt;							
						&lt;/list&gt;
					&lt;/property&gt;
				&lt;/bean&gt;
				
				&lt;alias alias="ServiceInfo" name="ServiceInfo"/&gt;
			</value>
		</constructor-arg>
	</bean>

</beans>